"","Id","SalePrice"
"1",1461,125297.581702381
"2",1462,155198.98395
"3",1463,185919.604938095
"4",1464,191309.445707143
"5",1465,192061.222864286
"6",1466,182611.403072222
"7",1467,180675.744166667
"8",1468,175415.564192713
"9",1469,185050.0134
"10",1470,127493.721333333
"11",1471,203078.239783333
"12",1472,100797.376402381
"13",1473,99099.9565666667
"14",1474,151954.38642619
"15",1475,124703.20741746
"16",1476,362346.99325303
"17",1477,254535.627542857
"18",1478,303836.053553571
"19",1479,279206.457705195
"20",1480,447370.264778572
"21",1481,332389.30825
"22",1482,208543.411301154
"23",1483,179897.076829365
"24",1484,170174.824872222
"25",1485,180467.256970779
"26",1486,200418.504934766
"27",1487,329440.624847619
"28",1488,233052.131561905
"29",1489,206430.607131746
"30",1490,222718.620016667
"31",1491,192469.884209441
"32",1492,104505.389
"33",1493,183529.9229
"34",1494,292125.395854762
"35",1495,290952.9768
"36",1496,232481.120640476
"37",1497,185587.361621429
"38",1498,156435.226919986
"39",1499,157626.541850938
"40",1500,163786.2169
"41",1501,175026.758348413
"42",1502,161128.169880159
"43",1503,289758.128544047
"44",1504,240334.187355556
"45",1505,227143.208827778
"46",1506,183841.627769048
"47",1507,251578.914966667
"48",1508,193870.369116667
"49",1509,160240.032833333
"50",1510,153960.700733333
"51",1511,148612.281983333
"52",1512,166248.535766667
"53",1513,144612.694933333
"54",1514,155977.661266667
"55",1515,191574.906366667
"56",1516,151894.000983333
"57",1517,155159.880266667
"58",1518,139910.50565
"59",1519,219288.277118519
"60",1520,137937.6365
"61",1521,137400.655516667
"62",1522,162177.679233333
"63",1523,117440.442283333
"64",1524,124586.065854762
"65",1525,126497.89435
"66",1526,127683.013166667
"67",1527,117510.6405
"68",1528,136382.523788095
"69",1529,142930.176533333
"70",1530,179018.157616667
"71",1531,131916.371755556
"72",1532,105342.433816667
"73",1533,144872.330633333
"74",1534,116449.803533333
"75",1535,146181.716816667
"76",1536,121895.985833333
"77",1537,97333.3819166667
"78",1538,160712.50255
"79",1539,198135.044297619
"80",1540,118007.93787619
"81",1541,136076.424842857
"82",1542,135290.462966667
"83",1543,187411.601166667
"84",1544,92637.4661333334
"85",1545,108178.847964286
"86",1546,134231.230033333
"87",1547,133903.349983333
"88",1548,129185.454133333
"89",1549,115606.639033333
"90",1550,139512.635888889
"91",1551,122740.535866667
"92",1552,151884.765090476
"93",1553,130900.7771
"94",1554,118716.481966667
"95",1555,172668.165266667
"96",1556,110794.569647619
"97",1557,112914.444359524
"98",1558,99385.48425
"99",1559,113508.9217
"100",1560,150799.261783333
"101",1561,150638.457833333
"102",1562,129222.571466667
"103",1563,124508.564226191
"104",1564,160095.927133333
"105",1565,155534.09425
"106",1566,233731.187833333
"107",1567,87481.095597619
"108",1568,219294.553383333
"109",1569,156939.58845
"110",1570,136439.1511
"111",1571,124351.346883333
"112",1572,139615.99555
"113",1573,226673.339395238
"114",1574,131953.4125
"115",1575,222720.480016667
"116",1576,241980.656733333
"117",1577,191440.844716162
"118",1578,147137.957157937
"119",1579,146256.22365
"120",1580,187969.713116667
"121",1581,149365.749383333
"122",1582,128913.109666667
"123",1583,321120.841084848
"124",1584,239064.471457143
"125",1585,140145.63210853
"126",1586,81802.4615809524
"127",1587,106789.0669
"128",1588,145616.5161
"129",1589,100391.75875
"130",1590,131315.724833333
"131",1591,99652.424432251
"132",1592,134393.404525397
"133",1593,128509.3126
"134",1594,139432.66345
"135",1595,123556.055922222
"136",1596,222124.646483333
"137",1597,173956.057033333
"138",1598,186188.021966667
"139",1599,180726.608528571
"140",1600,179512.482997619
"141",1601,79932.9429857143
"142",1602,113446.64125
"143",1603,104498.972483333
"144",1604,280457.603016667
"145",1605,246561.9907
"146",1606,169156.210683333
"147",1607,175834.00825
"148",1608,219754.178729365
"149",1609,190475.182127778
"150",1610,168023.152604762
"151",1611,147410.048022222
"152",1612,178960.162737424
"153",1613,177018.796926984
"154",1614,128284.9767
"155",1615,93043.440388889
"156",1616,87913.4548238095
"157",1617,91678.1358555555
"158",1618,123819.9792
"159",1619,138093.574922222
"160",1620,187530.635316667
"161",1621,145889.076435714
"162",1622,146949.954514286
"163",1623,278160.406252381
"164",1624,220984.1784
"165",1625,125045.020080952
"166",1626,169971.581816667
"167",1627,188369.520960623
"168",1628,268308.405877778
"169",1629,175408.287044444
"170",1630,330020.5777
"171",1631,213600.958838095
"172",1632,237402.818328572
"173",1633,176191.804905556
"174",1634,186051.303664286
"175",1635,182687.46755
"176",1636,165281.314156349
"177",1637,194744.669866667
"178",1638,206220.304983333
"179",1639,182836.524016667
"180",1640,237983.10125
"181",1641,171860.113411905
"182",1642,225662.45482381
"183",1643,228605.609731746
"184",1644,233333.851452381
"185",1645,199090.6634
"186",1646,161081.29265
"187",1647,161179.790333333
"188",1648,139437.297133333
"189",1649,139573.848316667
"190",1650,127221.20375
"191",1651,124120.906083333
"192",1652,99219.7226833333
"193",1653,101034.632483333
"194",1654,152032.185730952
"195",1655,152093.940066667
"196",1656,148111.8489
"197",1657,151532.450797619
"198",1658,153374.922145238
"199",1659,131631.848557143
"200",1660,154722.454216667
"201",1661,451973.345294444
"202",1662,368949.007766667
"203",1663,373701.1711
"204",1664,453590.766226191
"205",1665,318916.65725
"206",1666,328073.907353896
"207",1667,359700.029766667
"208",1668,333858.26018723
"209",1669,297751.122477381
"210",1670,344413.623763925
"211",1671,267798.32685
"212",1672,434683.520617966
"213",1673,298117.697473809
"214",1674,256830.819475824
"215",1675,194543.907349567
"216",1676,197770.051683333
"217",1677,217173.694592857
"218",1678,458840.404917461
"219",1679,385788.616961905
"220",1680,338367.584684848
"221",1681,265063.272796393
"222",1682,309219.212321429
"223",1683,190191.176368615
"224",1684,176878.141298196
"225",1685,175934.489960101
"226",1686,171933.781705556
"227",1687,172400.337249207
"228",1688,188794.418717378
"229",1689,193457.461984765
"230",1690,186400.897604978
"231",1691,182144.452005844
"232",1692,252076.362012626
"233",1693,171874.662472294
"234",1694,183122.899583333
"235",1695,170417.071357143
"236",1696,268103.073116667
"237",1697,171145.47232381
"238",1698,338413.55725
"239",1699,328562.907816667
"240",1700,257250.312595238
"241",1701,268159.196138095
"242",1702,251581.432944709
"243",1703,264514.221118681
"244",1704,286445.337416667
"245",1705,238973.672494445
"246",1706,411581.485938889
"247",1707,218739.872117871
"248",1708,211610.216416162
"249",1709,273443.615678571
"250",1710,221838.329415224
"251",1711,270854.4287
"252",1712,257987.577521212
"253",1713,269285.539059524
"254",1714,222046.584919748
"255",1715,204305.611716667
"256",1716,181870.737603968
"257",1717,174151.913386508
"258",1718,135420.091009524
"259",1719,204166.251067195
"260",1720,241615.001462566
"261",1721,169451.211892063
"262",1722,129004.89627619
"263",1723,163785.394646032
"264",1724,209720.870994062
"265",1725,227826.143998218
"266",1726,192385.65295
"267",1727,174060.448866667
"268",1728,187386.646890476
"269",1729,166875.744082051
"270",1730,162366.04495
"271",1731,127729.422716667
"272",1732,137333.4135
"273",1733,119057.499166667
"274",1734,131757.325816667
"275",1735,132773.554633333
"276",1736,123582.622666667
"277",1737,322867.754866667
"278",1738,227959.621916667
"279",1739,275565.63600303
"280",1740,234119.600586364
"281",1741,195781.858659524
"282",1742,173918.464331746
"283",1743,176318.934733478
"284",1744,294217.881622727
"285",1745,215562.907604762
"286",1746,219587.887966667
"287",1747,214488.50825
"288",1748,219657.59
"289",1749,166749.290116667
"290",1750,144229.057283333
"291",1751,230106.313566667
"292",1752,121689.729876191
"293",1753,150506.308883333
"294",1754,200538.7753
"295",1755,170671.432883333
"296",1756,130677.8059
"297",1757,118260.564497619
"298",1758,158125.687766667
"299",1759,159530.4665
"300",1760,165895.65145
"301",1761,154827.468433333
"302",1762,184126.588366667
"303",1763,166110.244516667
"304",1764,124633.2239
"305",1765,172878.087878571
"306",1766,173712.35605
"307",1767,212301.057816667
"308",1768,141577.837283333
"309",1769,173591.130666667
"310",1770,144592.029433333
"311",1771,137057.427633333
"312",1772,143374.968916667
"313",1773,146170.245683333
"314",1774,147952.3678
"315",1775,133883.825980952
"316",1776,119460.763183333
"317",1777,114965.433016667
"318",1778,131412.125654762
"319",1779,123502.966305556
"320",1780,170937.988561905
"321",1781,128721.260733333
"322",1782,101541.899333333
"323",1783,151275.07585
"324",1784,104827.238483333
"325",1785,116620.7638
"326",1786,162831.708516667
"327",1787,161437.585721429
"328",1788,74634.3766333333
"329",1789,100903.718883333
"330",1790,94981.5336222223
"331",1791,187953.59765
"332",1792,153958.782583333
"333",1793,149050.913502381
"334",1794,140264.758694444
"335",1795,134730.044488095
"336",1796,129007.559309524
"337",1797,123816.844233333
"338",1798,123237.535438889
"339",1799,115485.43125
"340",1800,128069.9668
"341",1801,130047.4418
"342",1802,139813.91745
"343",1803,153820.188133333
"344",1804,141314.0929
"345",1805,136483.841566667
"346",1806,118386.64295
"347",1807,135542.56985
"348",1808,118769.67592619
"349",1809,114742.092783333
"350",1810,139263.071983333
"351",1811,110290.400383333
"352",1812,101113.72945
"353",1813,119219.619233333
"354",1814,99963.44015
"355",1815,67732.4245
"356",1816,101123.254166667
"357",1817,123249.34235
"358",1818,139303.764633333
"359",1819,127617.095
"360",1820,87831.38335
"361",1821,120523.192390476
"362",1822,145872.087516667
"363",1823,66854.2029857143
"364",1824,135491.237197619
"365",1825,135829.308283333
"366",1826,106184.06905
"367",1827,110198.070164286
"368",1828,137038.975522222
"369",1829,128133.71795
"370",1830,136732.268333333
"371",1831,144739.687366667
"372",1832,116748.72662619
"373",1833,142337.607233333
"374",1834,123673.77455
"375",1835,147528.603483333
"376",1836,127845.19395
"377",1837,94353.0754761905
"378",1838,132528.0962
"379",1839,103225.813616667
"380",1840,163360.786752381
"381",1841,142800.192666667
"382",1842,104820.741955556
"383",1843,146147.162983333
"384",1844,139863.214916667
"385",1845,151745.367133333
"386",1846,155325.899916667
"387",1847,172740.027966667
"388",1848,67429.2606190476
"389",1849,115331.977533333
"390",1850,124365.716233333
"391",1851,147681.0864
"392",1852,134541.014372222
"393",1853,141286.680189194
"394",1854,168643.844790476
"395",1855,157784.738269048
"396",1856,233133.474266667
"397",1857,163091.920416667
"398",1858,145822.851816667
"399",1859,122584.062333333
"400",1860,160057.411666667
"401",1861,122508.180216667
"402",1862,301893.872533333
"403",1863,297434.77125
"404",1864,297434.77125
"405",1865,336949.478141666
"406",1866,323586.890402381
"407",1867,243382.564792208
"408",1868,298967.403030159
"409",1869,202978.618615079
"410",1870,235542.582434127
"411",1871,256273.909756493
"412",1872,173362.477770635
"413",1873,235299.392683333
"414",1874,142387.073426191
"415",1875,202056.963268954
"416",1876,200769.50865
"417",1877,214005.244423809
"418",1878,213711.914252381
"419",1879,131250.110033333
"420",1880,134890.1036
"421",1881,262342.840201852
"422",1882,256417.52685
"423",1883,197168.329339866
"424",1884,214749.487997786
"425",1885,245331.721808333
"426",1886,286912.425135714
"427",1887,206495.986178571
"428",1888,274925.872291667
"429",1889,172859.52431746
"430",1890,132473.497066667
"431",1891,142829.76095
"432",1892,109337.7541
"433",1893,133413.523633333
"434",1894,133258.163
"435",1895,139674.564566667
"436",1896,124350.45845
"437",1897,127088.1403
"438",1898,128916.421766667
"439",1899,149357.736942857
"440",1900,141253.971733333
"441",1901,162798.707716667
"442",1902,143929.347166667
"443",1903,205042.819083333
"444",1904,139974.537883333
"445",1905,187613.39545
"446",1906,161429.0581
"447",1907,199919.21145
"448",1908,122829.1249
"449",1909,142734.390135714
"450",1910,127908.953216667
"451",1911,196921.224316667
"452",1912,271017.698316667
"453",1913,157872.06785
"454",1914,79806.4044642857
"455",1915,320003.407183333
"456",1916,75919.1850357143
"457",1917,252499.483903968
"458",1918,141930.50905
"459",1919,167131.042695238
"460",1920,171179.171354762
"461",1921,385426.232439394
"462",1922,308696.898307251
"463",1923,208416.06904697
"464",1924,238832.153233333
"465",1925,217627.370069963
"466",1926,371189.762639394
"467",1927,134094.965664286
"468",1928,157939.085716667
"469",1929,126744.718776191
"470",1930,138290.566995238
"471",1931,146060.908120635
"472",1932,145535.393969048
"473",1933,185527.524583333
"474",1934,179825.747719353
"475",1935,177398.508707143
"476",1936,187931.436331258
"477",1937,183652.159185714
"478",1938,175869.93344197
"479",1939,250967.204864286
"480",1940,192538.516530952
"481",1941,179271.090655067
"482",1942,188582.038914286
"483",1943,199395.691697619
"484",1944,334173.2445
"485",1945,353569.189088528
"486",1946,171057.211916667
"487",1947,310620.450138095
"488",1948,186784.289416667
"489",1949,237666.85252987
"490",1950,180376.418859524
"491",1951,247261.917116667
"492",1952,232272.1664
"493",1953,172032.976033333
"494",1954,191869.142266667
"495",1955,138675.798188095
"496",1956,283843.20745
"497",1957,163488.498983333
"498",1958,306275.34725
"499",1959,150992.585866667
"500",1960,118501.01905
"501",1961,125887.85912381
"502",1962,100214.822516667
"503",1963,109471.107416667
"504",1964,112984.386669841
"505",1965,147420.380833333
"506",1966,141906.377733333
"507",1967,298912.959029762
"508",1968,419112.922188889
"509",1969,368604.695513203
"510",1970,428235.120514286
"511",1971,413423.133066667
"512",1972,356037.240866667
"513",1973,275310.437366667
"514",1974,324643.245138095
"515",1975,436598.741771429
"516",1976,278797.802063095
"517",1977,345065.795038095
"518",1978,362350.627147619
"519",1979,335184.894901515
"520",1980,200044.078965201
"521",1981,344620.84198723
"522",1982,233065.012716667
"523",1983,219337.799254762
"524",1984,171274.082521212
"525",1985,221676.606701515
"526",1986,219371.842641991
"527",1987,177547.169937302
"528",1988,178031.10926746
"529",1989,192079.128539072
"530",1990,215979.496259513
"531",1991,219626.552209524
"532",1992,212891.737782468
"533",1993,176532.719926984
"534",1994,235792.694122222
"535",1995,181974.886933639
"536",1996,255670.31
"537",1997,320988.044227778
"538",1998,336462.906766667
"539",1999,250845.798092735
"540",2000,298248.740666667
"541",2001,276473.098947619
"542",2002,242942.637640476
"543",2003,270835.059169047
"544",2004,283616.719035714
"545",2005,226761.193315079
"546",2006,220650.356738384
"547",2007,250479.846311538
"548",2008,207032.956800794
"549",2009,200468.964933983
"550",2010,192164.872793568
"551",2011,136851.460166667
"552",2012,175890.630060317
"553",2013,183442.731309524
"554",2014,194340.068032051
"555",2015,197913.330716667
"556",2016,200912.342702288
"557",2017,202491.785755556
"558",2018,134266.4943
"559",2019,133503.137166667
"560",2020,120471.73697619
"561",2021,114853.524933333
"562",2022,182681.249766667
"563",2023,151745.287333333
"564",2024,260791.024383333
"565",2025,354419.261066667
"566",2026,177707.461330303
"567",2027,158796.756579005
"568",2028,155432.840646898
"569",2029,174547.902592857
"570",2030,274171.980966667
"571",2031,233791.799737302
"572",2032,250143.784563492
"573",2033,257380.753604762
"574",2034,168441.593945382
"575",2035,208559.686230086
"576",2036,185976.490897619
"577",2037,190513.907561905
"578",2038,292353.697552381
"579",2039,211471.027745238
"580",2040,310435.7965
"581",2041,274146.741289394
"582",2042,206727.58995
"583",2043,170018.967152381
"584",2044,183460.80965
"585",2045,214489.4655
"586",2046,145279.658583333
"587",2047,147288.27985
"588",2048,139045.7746
"589",2049,140416.816283333
"590",2050,173146.54035
"591",2051,110768.567554762
"592",2052,137831.849266667
"593",2053,143333.872116667
"594",2054,93027.8305
"595",2055,155878.67885
"596",2056,136378.091054762
"597",2057,126289.451988095
"598",2058,210075.50815
"599",2059,143088.739240476
"600",2060,159764.841266667
"601",2061,174350.6177
"602",2062,135836.776535714
"603",2063,117109.491716667
"604",2064,141612.931533333
"605",2065,114900.835316667
"606",2066,170117.79365
"607",2067,140515.525366667
"608",2068,142126.188916667
"609",2069,84751.3732166667
"610",2070,110249.698716667
"611",2071,103272.355733333
"612",2072,150264.520916667
"613",2073,148157.116466667
"614",2074,179541.852533333
"615",2075,145479.676883333
"616",2076,120996.898366667
"617",2077,149155.830066667
"618",2078,129097.738090476
"619",2079,134554.9576
"620",2080,121885.096633333
"621",2081,122818.389419048
"622",2082,137431.868383333
"623",2083,139556.05
"624",2084,116669.8963
"625",2085,126007.082566667
"626",2086,129387.920806349
"627",2087,122134.868992857
"628",2088,110643.333866667
"629",2089,91591.1147452381
"630",2090,134816.564607143
"631",2091,118274.079433333
"632",2092,129431.30255
"633",2093,129613.832333333
"634",2094,120329.47872381
"635",2095,147184.3929
"636",2096,89180.8057
"637",2097,96623.9691227273
"638",2098,140224.830188889
"639",2099,70217.7752500001
"640",2100,108836.433483333
"641",2101,130293.565116667
"642",2102,131536.8389
"643",2103,104987.305533333
"644",2104,136187.67065
"645",2105,118566.1926
"646",2106,83978.1724777778
"647",2107,205257.891416667
"648",2108,118781.828183333
"649",2109,113241.199927778
"650",2110,127031.003666667
"651",2111,142437.5905
"652",2112,140154.428666667
"653",2113,114769.714233333
"654",2114,115767.603266667
"655",2115,143624.381327778
"656",2116,118875.030542857
"657",2117,143877.212166667
"658",2118,122326.197622222
"659",2119,110768.278028571
"660",2120,121180.5555
"661",2121,94780.961702381
"662",2122,113642.941983333
"663",2123,91901.4938166667
"664",2124,159087.942783333
"665",2125,132919.315466667
"666",2126,150369.53415
"667",2127,150311.7401
"668",2128,125958.982957143
"669",2129,102867.068730159
"670",2130,137432.71675
"671",2131,155104.568605556
"672",2132,122604.443011111
"673",2133,117903.424933333
"674",2134,130270.385305556
"675",2135,101831.927066667
"676",2136,93626.5541666667
"677",2137,118542.562633333
"678",2138,138035.55895
"679",2139,152499.625666667
"680",2140,136331.57805
"681",2141,144703.528783333
"682",2142,129248.42585
"683",2143,142332.01265
"684",2144,131565.376783333
"685",2145,134218.3151
"686",2146,161893.954733333
"687",2147,167034.30635
"688",2148,139865.243478571
"689",2149,142308.810933333
"690",2150,209209.781533333
"691",2151,121891.429138095
"692",2152,159375.67805
"693",2153,165576.92685
"694",2154,104505.31785
"695",2155,131651.306283333
"696",2156,259093.657983333
"697",2157,244119.029083333
"698",2158,225246.417616667
"699",2159,200156.9665
"700",2160,173916.413628572
"701",2161,249010.721473443
"702",2162,382815.642716667
"703",2163,348907.73082619
"704",2164,252781.0797
"705",2165,187981.9465
"706",2166,146615.681338889
"707",2167,209957.9878
"708",2168,205683.059334849
"709",2169,193788.916469048
"710",2170,219345.730181119
"711",2171,152417.558233333
"712",2172,145932.2262
"713",2173,168351.662083333
"714",2174,231075.130723077
"715",2175,290517.786366667
"716",2176,301868.765458658
"717",2177,242491.673869231
"718",2178,215450.901671356
"719",2179,143694.750286308
"720",2180,238483.922516667
"721",2181,194789.752718376
"722",2182,228668.82242328
"723",2183,195547.462772222
"724",2184,129277.48835
"725",2185,134040.989633333
"726",2186,147793.51795
"727",2187,150491.610316667
"728",2188,149182.222407143
"729",2189,231057.282697619
"730",2190,88290.00395
"731",2191,89993.3343666666
"732",2192,96065.0150666667
"733",2193,99728.4525727273
"734",2194,102634.338625902
"735",2195,114518.7292
"736",2196,110147.3187
"737",2197,122542.497333333
"738",2198,156636.644988889
"739",2199,173894.399133333
"740",2200,140186.712233333
"741",2201,139789.454666667
"742",2202,186540.649278571
"743",2203,159841.347466667
"744",2204,168040.910395238
"745",2205,117118.45495
"746",2206,141689.0829
"747",2207,202867.52485
"748",2208,223980.5599
"749",2209,207864.998816667
"750",2210,124695.7349
"751",2211,116317.596814286
"752",2212,113410.648947619
"753",2213,99515.6210727273
"754",2214,140921.2789
"755",2215,102810.884216667
"756",2216,142050.283133333
"757",2217,85035.1000833334
"758",2218,92196.3105666667
"759",2219,86736.45905
"760",2220,93627.78315
"761",2221,324174.242033333
"762",2222,263685.290516667
"763",2223,283999.497533333
"764",2224,223120.50715464
"765",2225,140336.815583333
"766",2226,203129.503783333
"767",2227,206704.582654762
"768",2228,269039.275691667
"769",2229,244705.045754762
"770",2230,165192.0542
"771",2231,212971.737464286
"772",2232,191548.7607
"773",2233,184577.2066
"774",2234,243972.230915079
"775",2235,222931.438938889
"776",2236,277450.30825
"777",2237,344316.182738095
"778",2238,207149.461116667
"779",2239,117232.85055
"780",2240,161761.618959524
"781",2241,154469.089983333
"782",2242,130348.257083333
"783",2243,128729.344390476
"784",2244,103560.1209
"785",2245,102955.313255556
"786",2246,141197.4601
"787",2247,114499.020866667
"788",2248,127403.839819048
"789",2249,123314.97325
"790",2250,128869.679740476
"791",2251,124695.768933333
"792",2252,173503.246233333
"793",2253,166510.950933333
"794",2254,175872.605638889
"795",2255,194988.754548718
"796",2256,180467.651420635
"797",2257,214195.91525
"798",2258,168500.942276191
"799",2259,180652.885604762
"800",2260,168021.660466667
"801",2261,183648.654211905
"802",2262,201752.407716017
"803",2263,350813.350511112
"804",2264,427127.44385
"805",2265,167352.2539
"806",2266,284708.945945238
"807",2267,361215.964644445
"808",2268,366496.016315585
"809",2269,167204.05015
"810",2270,183031.583866667
"811",2271,220270.800816667
"812",2272,199051.79085
"813",2273,162896.772916667
"814",2274,177463.096261905
"815",2275,187728.9096
"816",2276,186332.724683333
"817",2277,181138.919366667
"818",2278,147428.522283333
"819",2279,126373.83455
"820",2280,119961.202647619
"821",2281,182101.024635714
"822",2282,185535.448440476
"823",2283,98932.3764833333
"824",2284,110849.709796032
"825",2285,141303.995164286
"826",2286,129064.289866667
"827",2287,346880.473059632
"828",2288,273063.535114286
"829",2289,380318.628964286
"830",2290,431183.503250001
"831",2291,319332.036610173
"832",2292,410845.672947619
"833",2293,451049.564838889
"834",2294,386337.999462554
"835",2295,435891.474566667
"836",2296,292533.4815
"837",2297,324134.756583333
"838",2298,341316.911553752
"839",2299,362774.521580952
"840",2300,332007.428883334
"841",2301,298436.906104762
"842",2302,249245.708142857
"843",2303,250874.9712
"844",2304,255956.516133333
"845",2305,195252.2643
"846",2306,195554.510230952
"847",2307,195008.142628571
"848",2308,224024.202170996
"849",2309,285771.869011905
"850",2310,221505.650114286
"851",2311,203364.75435
"852",2312,180654.352069047
"853",2313,177538.320364863
"854",2314,173729.093906349
"855",2315,176020.147348196
"856",2316,200144.759165873
"857",2317,184823.824416573
"858",2318,179850.8303
"859",2319,179605.429073809
"860",2320,181451.94582013
"861",2321,241828.04707215
"862",2322,175029.80002619
"863",2323,180068.531252381
"864",2324,180176.362648557
"865",2325,220545.351357143
"866",2326,173436.24182381
"867",2327,210709.383473405
"868",2328,220147.489934149
"869",2329,184288.311619048
"870",2330,187986.200691991
"871",2331,356957.300497619
"872",2332,369159.537933333
"873",2333,315243.390916667
"874",2334,259855.99255
"875",2335,263866.5903
"876",2336,314758.855495238
"877",2337,208744.323476191
"878",2338,278139.33065119
"879",2339,234080.767311905
"880",2340,377518.728783333
"881",2341,228305.28045
"882",2342,232136.273462169
"883",2343,227164.298414286
"884",2344,233815.423640476
"885",2345,244235.272663107
"886",2346,214775.747951876
"887",2347,203649.37087013
"888",2348,231889.977404762
"889",2349,179249.3934
"890",2350,298166.600521429
"891",2351,260927.877792857
"892",2352,246401.539907792
"893",2353,268973.0335
"894",2354,132677.950133333
"895",2355,142639.961454762
"896",2356,153275.611844444
"897",2357,203182.26173639
"898",2358,198168.19315
"899",2359,139988.244433333
"900",2360,124736.698459524
"901",2361,145981.62065
"902",2362,263884.311414286
"903",2363,139240.8588
"904",2364,160437.188278571
"905",2365,226683.320407937
"906",2366,194194.949626984
"907",2367,226711.12435
"908",2368,209803.025957937
"909",2369,224008.986480952
"910",2370,176171.061411905
"911",2371,174127.00390873
"912",2372,189877.50365
"913",2373,256429.891016667
"914",2374,303298.842807143
"915",2375,242100.739785714
"916",2376,268287.271601515
"917",2377,309200.256516667
"918",2378,152287.665816667
"919",2379,196619.532666667
"920",2380,147810.628235714
"921",2381,165412.848233333
"922",2382,197602.340983333
"923",2383,210832.495016667
"924",2384,244373.379566667
"925",2385,162450.95765
"926",2386,141216.232433333
"927",2387,135959.22615
"928",2388,108121.962011905
"929",2389,128247.319516667
"930",2390,144479.5062
"931",2391,141940.850316667
"932",2392,116205.369997619
"933",2393,164995.003416667
"934",2394,148340.66445
"935",2395,193769.947166667
"936",2396,149029.854683333
"937",2397,198834.605133333
"938",2398,127450.398733333
"939",2399,70794.9068166667
"940",2400,74443.9333166667
"941",2401,114787.642890476
"942",2402,134915.281622222
"943",2403,138042.219516667
"944",2404,155670.05605
"945",2405,161729.010516667
"946",2406,135544.808666667
"947",2407,131161.342804762
"948",2408,143186.603033333
"949",2409,135468.83922381
"950",2410,159904.167683333
"951",2411,123609.898766667
"952",2412,153115.028521429
"953",2413,138156.0832
"954",2414,135148.138966667
"955",2415,137242.71645
"956",2416,119856.4122
"957",2417,131502.1933
"958",2418,127530.50445
"959",2419,133299.383585714
"960",2420,131638.845707143
"961",2421,150731.798183333
"962",2422,115817.873611111
"963",2423,118535.020766667
"964",2424,158608.39865
"965",2425,225949.849666667
"966",2426,134337.864716667
"967",2427,123296.569416667
"968",2428,177520.262
"969",2429,124050.639983333
"970",2430,132348.559057143
"971",2431,127371.634630952
"972",2432,133859.217616667
"973",2433,143984.671716667
"974",2434,141990.469
"975",2435,152316.78465
"976",2436,109050.87565
"977",2437,114379.6662
"978",2438,129283.7257
"979",2439,114008.612183333
"980",2440,122080.91419697
"981",2441,110525.723116667
"982",2442,110016.111233333
"983",2443,122548.798916667
"984",2444,128997.133133333
"985",2445,93872.0508444445
"986",2446,136522.431580303
"987",2447,188554.379319048
"988",2448,145346.333883333
"989",2449,118287.3928
"990",2450,143703.087233333
"991",2451,131177.2088
"992",2452,204695.555066667
"993",2453,98931.6325468254
"994",2454,126755.351633333
"995",2455,115543.264266667
"996",2456,127092.363283333
"997",2457,121801.476416667
"998",2458,121305.127230952
"999",2459,109584.727466667
"1000",2460,145935.199866667
"1001",2461,116239.788133333
"1002",2462,133101.692272222
"1003",2463,117463.5826
"1004",2464,165742.66395
"1005",2465,127814.185
"1006",2466,118336.19189697
"1007",2467,150453.6024
"1008",2468,95358.0980833333
"1009",2469,91122.5203166666
"1010",2470,183756.03985
"1011",2471,196172.828183333
"1012",2472,166794.195683333
"1013",2473,122506.928145238
"1014",2474,107788.3865
"1015",2475,222159.394533333
"1016",2476,115763.453116667
"1017",2477,131693.88935
"1018",2478,160043.97395
"1019",2479,120155.172616667
"1020",2480,152614.547083333
"1021",2481,128699.024216667
"1022",2482,132522.7705
"1023",2483,117797.1984
"1024",2484,131172.372716667
"1025",2485,128377.520592857
"1026",2486,149030.25815
"1027",2487,203441.2369
"1028",2488,149158.869433333
"1029",2489,152026.655030952
"1030",2490,149473.376833333
"1031",2491,98356.1494761905
"1032",2492,178929.914216667
"1033",2493,145830.109333333
"1034",2494,158523.899983333
"1035",2495,97626.1571833334
"1036",2496,231554.034966667
"1037",2497,145149.417885714
"1038",2498,120540.721704762
"1039",2499,95346.9138833334
"1040",2500,130353.251472527
"1041",2501,133161.231322222
"1042",2502,140854.966383333
"1043",2503,109368.3563
"1044",2504,196360.289833333
"1045",2505,217771.006448413
"1046",2506,258386.588711538
"1047",2507,305650.917266667
"1048",2508,257714.120292491
"1049",2509,221900.946628042
"1050",2510,226827.739509524
"1051",2511,183060.655538384
"1052",2512,212763.606334188
"1053",2513,222185.775040476
"1054",2514,246109.885785714
"1055",2515,149908.709618254
"1056",2516,180488.693671429
"1057",2517,141407.11125
"1058",2518,153394.507583333
"1059",2519,225831.134610773
"1060",2520,207559.440371429
"1061",2521,192063.701023899
"1062",2522,220710.907737179
"1063",2523,128810.706083333
"1064",2524,144944.8654
"1065",2525,148402.040633333
"1066",2526,142888.95755
"1067",2527,124637.8445
"1068",2528,125051.623160317
"1069",2529,136081.699695238
"1070",2530,125134.18955
"1071",2531,245914.648192857
"1072",2532,226105.246777078
"1073",2533,207530.377477778
"1074",2534,234990.651085714
"1075",2535,290016.36032381
"1076",2536,229757.565334127
"1077",2537,225534.933478571
"1078",2538,181392.537373809
"1079",2539,187011.950042764
"1080",2540,179245.058116667
"1081",2541,180947.325600577
"1082",2542,174167.7422
"1083",2543,136453.727377778
"1084",2544,118727.3564
"1085",2545,139308.265883333
"1086",2546,130728.103785714
"1087",2547,136826.39105
"1088",2548,154422.871383333
"1089",2549,167409.154206061
"1090",2550,358078.259876191
"1091",2551,144876.890782251
"1092",2552,126070.035166667
"1093",2553,88763.4913
"1094",2554,114046.965516667
"1095",2555,117487.5349
"1096",2556,110331.200416667
"1097",2557,119881.326333333
"1098",2558,167267.712076191
"1099",2559,132432.338433333
"1100",2560,141864.582616667
"1101",2561,138623.625279365
"1102",2562,128372.905323809
"1103",2563,145032.552590476
"1104",2564,183284.149328572
"1105",2565,140504.145638889
"1106",2566,153451.239066667
"1107",2567,133771.506966667
"1108",2568,193496.202233333
"1109",2569,192478.31685
"1110",2570,124125.20795
"1111",2571,195397.039555556
"1112",2572,159911.16192381
"1113",2573,214397.823795238
"1114",2574,263795.598090404
"1115",2575,122826.309333333
"1116",2576,123023.1957
"1117",2577,136442.216633333
"1118",2578,96619.4448809524
"1119",2579,80779.2370238095
"1120",2580,130052.771416667
"1121",2581,134642.65695
"1122",2582,114694.407133333
"1123",2583,272403.545333333
"1124",2584,165733.742616667
"1125",2585,198571.196316667
"1126",2586,212272.31375
"1127",2587,194465.856766667
"1128",2588,140660.13585
"1129",2589,147943.155261905
"1130",2590,221795.083150794
"1131",2591,219818.240264286
"1132",2592,223619.133966667
"1133",2593,251669.156283334
"1134",2594,179815.505592857
"1135",2595,206371.559502778
"1136",2596,319434.411978571
"1137",2597,198061.864766667
"1138",2598,264608.383321429
"1139",2599,329060.312503463
"1140",2600,154387.461716667
"1141",2601,151525.244980159
"1142",2602,88684.7566666667
"1143",2603,99295.2438388889
"1144",2604,92057.4189071429
"1145",2605,90667.5295333334
"1146",2606,151230.868285714
"1147",2607,201072.531833333
"1148",2608,202404.665216667
"1149",2609,164534.577783333
"1150",2610,109574.179866667
"1151",2611,134520.32585
"1152",2612,153070.369883333
"1153",2613,130907.079709524
"1154",2614,130099.973419048
"1155",2615,153364.800166667
"1156",2616,144697.791333333
"1157",2617,181445.902233333
"1158",2618,192477.621733333
"1159",2619,202323.2098
"1160",2620,189615.144913564
"1161",2621,181825.497553968
"1162",2622,192155.226350794
"1163",2623,242807.928560606
"1164",2624,300380.7754
"1165",2625,300646.248778572
"1166",2626,173615.667611905
"1167",2627,172815.398447619
"1168",2628,389888.106995238
"1169",2629,480632.95365
"1170",2630,333441.439054762
"1171",2631,424535.028380952
"1172",2632,391901.419442857
"1173",2633,301176.429752381
"1174",2634,391452.023733333
"1175",2635,155700.050454762
"1176",2636,195984.438866667
"1177",2637,181442.285197619
"1178",2638,254336.171016667
"1179",2639,180544.890233333
"1180",2640,153189.629466667
"1181",2641,117290.002933333
"1182",2642,194324.503016176
"1183",2643,105689.640555556
"1184",2644,133215.816966667
"1185",2645,99494.1959333333
"1186",2646,92729.5003412698
"1187",2647,106995.327013492
"1188",2648,146470.662333333
"1189",2649,145216.116272222
"1190",2650,142328.747352381
"1191",2651,149309.132888095
"1192",2652,402118.081816666
"1193",2653,254107.946604762
"1194",2654,266825.173221429
"1195",2655,376102.072844156
"1196",2656,318296.512862554
"1197",2657,329110.198297619
"1198",2658,289963.843469697
"1199",2659,294951.5807
"1200",2660,336600.632742064
"1201",2661,352510.4075
"1202",2662,345132.516798124
"1203",2663,289413.958527778
"1204",2664,283870.057030952
"1205",2665,326389.874729762
"1206",2666,302184.727369048
"1207",2667,170237.951072006
"1208",2668,177869.846090476
"1209",2669,182813.184279365
"1210",2670,275705.802916666
"1211",2671,180127.974107143
"1212",2672,187748.490683333
"1213",2673,205983.075303896
"1214",2674,207196.541303896
"1215",2675,165381.284783333
"1216",2676,186429.180452315
"1217",2677,194110.747853896
"1218",2678,259919.025855556
"1219",2679,282171.368421428
"1220",2680,280628.090444444
"1221",2681,378303.733416667
"1222",2682,321175.28725
"1223",2683,501274.184583333
"1224",2684,311841.038588095
"1225",2685,339417.709404762
"1226",2686,264145.868155555
"1227",2687,320635.224475
"1228",2688,228351.170257143
"1229",2689,206195.666096825
"1230",2690,403176.450183334
"1231",2691,196222.190262088
"1232",2692,134200.812542857
"1233",2693,200618.363672222
"1234",2694,132303.91642619
"1235",2695,195072.745613715
"1236",2696,184549.255607692
"1237",2697,202837.08974697
"1238",2698,205294.483255555
"1239",2699,181958.106295238
"1240",2700,163545.71555
"1241",2701,169345.526539895
"1242",2702,127267.215188889
"1243",2703,130167.862883333
"1244",2704,138138.150983333
"1245",2705,124558.385916667
"1246",2706,120710.774266667
"1247",2707,133175.181066667
"1248",2708,133778.502983333
"1249",2709,101056.575233333
"1250",2710,124825.065335714
"1251",2711,274848.326283333
"1252",2712,358010.995864286
"1253",2713,176526.002490476
"1254",2714,151208.126458081
"1255",2715,171450.657492063
"1256",2716,161376.128697526
"1257",2717,194962.922902381
"1258",2718,233727.824848413
"1259",2719,157074.200866667
"1260",2720,170469.239192857
"1261",2721,139356.096683333
"1262",2722,161407.451566667
"1263",2723,147301.767771429
"1264",2724,131329.2134
"1265",2725,137183.599285714
"1266",2726,142758.468516667
"1267",2727,172109.88725
"1268",2728,165233.015766667
"1269",2729,154871.754416667
"1270",2730,140030.994833333
"1271",2731,125968.489166667
"1272",2732,125180.576916667
"1273",2733,160752.5401
"1274",2734,157746.860633333
"1275",2735,132605.768833333
"1276",2736,148701.09675
"1277",2737,122827.890916667
"1278",2738,139131.302533333
"1279",2739,160507.49305
"1280",2740,130637.882114286
"1281",2741,146943.971990476
"1282",2742,155543.00045
"1283",2743,152286.45745
"1284",2744,150265.776633333
"1285",2745,136952.02917381
"1286",2746,134174.852859524
"1287",2747,144234.043707937
"1288",2748,125362.456216667
"1289",2749,131481.940052381
"1290",2750,136716.83495
"1291",2751,129839.123633333
"1292",2752,213693.90815
"1293",2753,152387.679933333
"1294",2754,238249.4632
"1295",2755,131600.01145
"1296",2756,99078.8101722222
"1297",2757,88711.7519833333
"1298",2758,94567.1416119048
"1299",2759,154843.5886
"1300",2760,144382.499083333
"1301",2761,150720.605883333
"1302",2762,145587.6164
"1303",2763,187948.103183333
"1304",2764,155450.784922222
"1305",2765,255519.54815
"1306",2766,136823.58775
"1307",2767,92043.538081746
"1308",2768,131480.037383333
"1309",2769,125836.3001
"1310",2770,147666.931224242
"1311",2771,124969.895333333
"1312",2772,117649.28577381
"1313",2773,153587.82135
"1314",2774,136321.986833333
"1315",2775,127482.870233333
"1316",2776,134200.421183333
"1317",2777,146940.825924242
"1318",2778,113838.874457143
"1319",2779,135985.094195238
"1320",2780,105000.3132
"1321",2781,104335.178833333
"1322",2782,102014.011894444
"1323",2783,105491.903077778
"1324",2784,125526.615433333
"1325",2785,139598.41865
"1326",2786,84064.8289166667
"1327",2787,119027.554683333
"1328",2788,90199.0686444445
"1329",2789,174028.49265
"1330",2790,101100.53885
"1331",2791,119630.101916667
"1332",2792,74392.3554666667
"1333",2793,150234.422266667
"1334",2794,105940.192933333
"1335",2795,115763.355783333
"1336",2796,100317.048226191
"1337",2797,185276.758
"1338",2798,118791.417133333
"1339",2799,119408.018116667
"1340",2800,74437.18255
"1341",2801,111881.150116017
"1342",2802,133488.297416667
"1343",2803,162746.786716667
"1344",2804,135209.290055556
"1345",2805,100271.224633333
"1346",2806,97172.2389309524
"1347",2807,155429.731995238
"1348",2808,155540.147
"1349",2809,133792.304866667
"1350",2810,134268.848583333
"1351",2811,161209.839116667
"1352",2812,149346.300178571
"1353",2813,165678.575883333
"1354",2814,159928.739266667
"1355",2815,112051.50595
"1356",2816,226569.953204762
"1357",2817,156574.135166667
"1358",2818,133734.860266667
"1359",2819,169058.002726191
"1360",2820,148913.50145
"1361",2821,116840.849630952
"1362",2822,187669.695633333
"1363",2823,275995.23325
"1364",2824,189145.009933333
"1365",2825,145021.868222222
"1366",2826,128465.858583333
"1367",2827,135349.597364286
"1368",2828,235657.290766667
"1369",2829,211021.5895
"1370",2830,234623.71555582
"1371",2831,188063.061424495
"1372",2832,244038.555301515
"1373",2833,289616.311129762
"1374",2834,216320.318580342
"1375",2835,221993.262439286
"1376",2836,197524.062892591
"1377",2837,166705.263483333
"1378",2838,150160.440033333
"1379",2839,185903.021427217
"1380",2840,196952.551895938
"1381",2841,202434.801054762
"1382",2842,224058.596028571
"1383",2843,151608.928719048
"1384",2844,164051.782033333
"1385",2845,122066.691757143
"1386",2846,214935.153923016
"1387",2847,202838.67915
"1388",2848,214234.72802619
"1389",2849,208439.366957326
"1390",2850,273331.574733333
"1391",2851,223226.321769048
"1392",2852,229806.49883718
"1393",2853,236279.317612698
"1394",2854,139666.6840498
"1395",2855,200736.522482446
"1396",2856,207027.089454079
"1397",2857,189680.489209258
"1398",2858,201375.019771335
"1399",2859,140300.541933333
"1400",2860,130102.432983333
"1401",2861,128790.0667
"1402",2862,196745.956000528
"1403",2863,118282.16975
"1404",2864,243845.637185714
"1405",2865,144563.174883333
"1406",2866,135295.36181176
"1407",2867,100882.4506
"1408",2868,121247.235516667
"1409",2869,123725.346416667
"1410",2870,152428.558033333
"1411",2871,93949.8355166666
"1412",2872,68600.2106428572
"1413",2873,106219.50785
"1414",2874,134310.009778571
"1415",2875,121382.241866667
"1416",2876,162859.722483333
"1417",2877,132263.4101
"1418",2878,169430.65455
"1419",2879,142133.971897619
"1420",2880,106349.933683333
"1421",2881,156199.8322
"1422",2882,158235.397366667
"1423",2883,174664.006845238
"1424",2884,182559.187766667
"1425",2885,173748.01915
"1426",2886,209031.379583333
"1427",2887,105600.44245
"1428",2888,128604.57465
"1429",2889,65925.7796666667
"1430",2890,92175.0843111112
"1431",2891,136898.9207
"1432",2892,69373.015252381
"1433",2893,105253.756666667
"1434",2894,68021.8176857143
"1435",2895,304801.434852381
"1436",2896,283443.909933333
"1437",2897,202500.903528571
"1438",2898,151533.942733333
"1439",2899,216938.624559127
"1440",2900,157628.13535
"1441",2901,204918.729783333
"1442",2902,193391.385816667
"1443",2903,330717.835838095
"1444",2904,336448.074882467
"1445",2905,114883.486183333
"1446",2906,203719.411790476
"1447",2907,118626.417940476
"1448",2908,129776.38502619
"1449",2909,148876.309966667
"1450",2910,84992.3064333333
"1451",2911,88770.83225
"1452",2912,151308.756383333
"1453",2913,89906.5808888889
"1454",2914,88868.4028460317
"1455",2915,90385.0161460318
"1456",2916,88875.5515793651
"1457",2917,167840.712783333
"1458",2918,115721.144542857
"1459",2919,220769.557016667
